,mse,rmse,r2,mae,mape,time
base,0.00022137503167929558,0.014648652162763292,0.9923107843099715,0.009112766292951237,0.014701138183401082,0.11413240432739258
CCCT,0.00028732764970829377,0.016747364343659654,0.9895627019794742,0.011099437323545694,0.017254896280506995,0.0850076675415039
CVCT,0.00937030102355212,0.09399553076027953,0.6807671311001124,0.059177027844660175,0.10556499507224389,0.0811312198638916
