,mse,rmse,r2,mae,mape,time
base,0.00025985365618217315,0.015935281604929075,0.990953179628569,0.009766044040989538,0.015840549955775742,0.15793681144714355
CCCT,0.000328997756458632,0.017973441952447614,0.9878730271186379,0.011922486012164134,0.018383287410889626,0.10603094100952148
CVCT,0.010965027543980332,0.1027564983571882,0.6211510626729935,0.06285395182414474,0.11100367914962231,0.11869263648986816
