,mse,rmse,r2,mae,mape,time
base,0.00021897038601156936,0.014569234402292509,0.9923598272661783,0.009278966890063373,0.015145351064134293,0.44412970542907715
CCCT,0.0002974405636435864,0.017006593883305915,0.989522340415938,0.011266730722845134,0.017968873988337797,0.403214693069458
CVCT,0.00865828191883608,0.09032231895781113,0.7076777384142123,0.057607304093875336,0.10293262115015173,0.412001371383667
