,mse,rmse,r2,mae,mape,time
base,0.0005267815928333371,0.020535885543618154,0.984914996106326,0.010249643082329188,0.018989750974542433,1.782257080078125
CCCT,0.0002903805149825496,0.01680666107463666,0.9897490819287694,0.011175490014442149,0.017745743532233335,1.4522032737731934
CVCT,0.008929402641405513,0.0918646886182712,0.6983520686355089,0.05863292224083148,0.10454935135527951,1.4509897232055664
