,mse,rmse,r2,mae,mape,time
base,0.00024121836608614606,0.015415778941939422,0.991391867247619,0.009855527603557266,0.015647453777531233,0.7694761753082275
CCCT,0.0003761773847545041,0.019336371115603913,0.9862466068175739,0.01312457130433668,0.020049739912730208,0.5388071537017822
CVCT,0.011828814019737066,0.10692786968986612,0.5904825034574605,0.06745439691912104,0.1168838030137347,0.555854320526123
