,mse,rmse,r2,mae,mape,time
base,0.00028360690174448035,0.01637399773497306,0.9904232192315571,0.010310680747359302,0.01721956666947774,0.06694841384887695
CCCT,0.0003155424596008834,0.017410571699449658,0.9891253492456429,0.011518543150825322,0.018723126706597253,0.05361223220825195
CVCT,0.008936241845741986,0.09164452717386473,0.6972661761023087,0.058558984457299616,0.10431451137421745,0.0530390739440918
