,mse,rmse,r2,mae,mape,time
base,0.00024286709984385353,0.015363320451904748,0.9916183777312992,0.009438527112115992,0.015495432957926648,0.0600740909576416
CCCT,0.0002997281126899177,0.017056238950941903,0.9895182649345831,0.011360575923419436,0.018128961516803835,0.05756068229675293
CVCT,0.008982085841885562,0.09205078248144237,0.6964494396486733,0.05866911796336355,0.10480103978225634,0.05772757530212402
