,mse,rmse,r2,mae,mape,time
base,0.00023444948112170743,0.015026041311601585,0.9918790633062478,0.009469212783009238,0.01540880600790001,0.0236361026763916
CCCT,0.0003023632753214647,0.01711511629408589,0.9894294916926955,0.011389422722691556,0.018228284558456542,0.02375197410583496
CVCT,0.008629252600121018,0.0901004453006894,0.7090226388848393,0.05749192565951412,0.10277755841504224,0.022053956985473633
